<?xml version="1.0"?>
<!DOCTYPE hibernate-mapping PUBLIC "-//Hibernate/Hibernate Mapping DTD 3.0//EN"
"http://www.hibernate.org/dtd/hibernate-mapping-3.0.dtd">
<!-- Generated 06-jun-2024 0:27:46 by Hibernate Tools 4.3.1 -->
<hibernate-mapping>
    <class name="modelo.Cliente" table="cliente" catalog="hotel" optimistic-lock="version">
        <id name="idCliente" type="java.lang.Integer">
            <column name="idCliente" />
            <generator class="identity" />
        </id>
        <many-to-one name="rol" class="modelo.Rol" fetch="select">
            <column name="idRol" />
        </many-to-one>
        <property name="nombre" type="string">
            <column name="nombre" length="100" not-null="true" />
        </property>
        <property name="email" type="string">
            <column name="email" length="100" not-null="true" unique="true" />
        </property>
        <property name="telefono" type="string">
            <column name="telefono" length="20" />
        </property>
        <property name="contrasena" type="string">
            <column name="contrasena" length="100" />
        </property>
        <set name="reservas" table="reserva" inverse="true" lazy="true" fetch="select">
            <key>
                <column name="idCliente" />
            </key>
            <one-to-many class="modelo.Reserva" />
        </set>
    </class>
</hibernate-mapping>
