<?xml version="1.0"?>
<!DOCTYPE hibernate-mapping PUBLIC "-//Hibernate/Hibernate Mapping DTD 3.0//EN"
"http://www.hibernate.org/dtd/hibernate-mapping-3.0.dtd">
<!-- Generated 06-jun-2024 0:27:46 by Hibernate Tools 4.3.1 -->
<hibernate-mapping>
    <class name="modelo.Reserva" table="reserva" catalog="hotel" optimistic-lock="version">
        <id name="idReserva" type="java.lang.Integer">
            <column name="idReserva" />
            <generator class="identity" />
        </id>
        <many-to-one name="cliente" class="modelo.Cliente" fetch="select">
            <column name="idCliente" />
        </many-to-one>
        <many-to-one name="habitacion" class="modelo.Habitacion" fetch="select">
            <column name="idHabitacion" />
        </many-to-one>
        <property name="coste" type="big_decimal">
            <column name="coste" precision="10" not-null="true" />
        </property>
        <property name="duracion" type="int">
            <column name="duracion" not-null="true" />
        </property>
        <property name="comentario" type="string">
            <column name="comentario" />
        </property>
    </class>
</hibernate-mapping>
