<?xml version="1.0"?>
<!DOCTYPE hibernate-mapping PUBLIC "-//Hibernate/Hibernate Mapping DTD 3.0//EN"
"http://www.hibernate.org/dtd/hibernate-mapping-3.0.dtd">
<!-- Generated 06-jun-2024 0:27:46 by Hibernate Tools 4.3.1 -->
<hibernate-mapping>
    <class name="modelo.Rol" table="rol" catalog="hotel" optimistic-lock="version">
        <id name="idRol" type="java.lang.Integer">
            <column name="idRol" />
            <generator class="identity" />
        </id>
        <property name="nombreRol" type="string">
            <column name="nombreRol" length="50" not-null="true" />
        </property>
        <set name="clientes" table="cliente" inverse="true" lazy="true" fetch="select">
            <key>
                <column name="idRol" />
            </key>
            <one-to-many class="modelo.Cliente" />
        </set>
    </class>
</hibernate-mapping>
